시군,시도,시행일,조례번호,출처조문,상태,수집현황
남해군,경남,2026.4.7,2897,제40조 / 제45조,수집,건폐 21종 / 용적 21종
하동군,경남,2026.4.24,2741,제30조 / 제33조,수집,건폐 21종 / 용적 21종
수원시,경기,2025.12.31,4816,제66조 / 제70조,수집,건폐 16종 / 용적 16종
고양시,경기,2025.11.14,2967,제56조 / 제61조,수집,건폐 21종 / 용적 20종
산청군,경남,2025.11.27,2839,제32조 / 제36조,수집,건폐 21종 / 용적 21종
함양군,경남,2026.8.6,2835,제29조 / 제30조,수집,건폐 21종 / 용적 21종
용인시,경기,2025.12.31,2714,제50조 / 제55조,수집,건폐 21종 / 용적 21종
성남시,경기,2026.2.24,4356,제66조 / 제67조,수집,건폐 16종 / 용적 16종
거창군,경남,2025.12.31,3010,제53조 / 제58조,수집,건폐 21종 / 용적 21종
합천군,경남,2026.4.16,2930,제53조 / 제58조,수집,건폐 21종 / 용적 21종
부천시,경기,2026.7.6,4327,제54조 / 제57조,수집,건폐 16종 / 용적 16종
화성시,경기,2026.3.10,2561,제52조 / 제57조,수집,건폐 21종 / 용적 21종
서울특별시,광역,2026.7.13,10139,제44조 / 제48조,수집,건폐 16종 / 용적 16종
안산시,경기,2025.9.19,3019,제51조 / 제56조,수집,건폐 17종 / 용적 17종
부산광역시,광역,2026.4.8,7923,제49조 / 제50조,수집,건폐 17종 / 용적 17종
남양주시,경기,2025.12.29,2485,제41조 / 제47조,수집,건폐 21종 / 용적 21종
대구광역시,광역,2026.5.11,6487,제75조 / 제80조,수집,건폐 21종 / 용적 21종
안양시,경기,2026.3.31,3846,제49조 / 제50조,수집,건폐 12종 / 용적 12종
인천광역시,광역,2026.7.13,7763,제64조 / 제65조,수집,건폐 21종 / 용적 21종
평택시,경기,2026.5.18,2630,제56조 / 제61조,수집,건폐 21종 / 용적 21종
대전광역시,광역,2026.2.13,6595,제45조 / 제50조,수집,건폐 21종 / 용적 21종
시흥시,경기,2026.8.20,2633,제30조 / 제34조,수집,건폐 13종 / 용적 13종
파주시,경기,2025.3.20,2204,제32조 / 제33조,수집,건폐 21종 / 용적 21종
의정부시,경기,2025.9.25,3604,제42조 / 제46조,수집,건폐 16종 / 용적 16종
광주광역시,광역,2025.11.11,6636,제67조 / 제72조,수집,건폐 21종 / 용적 21종
김포시,경기,2025.5.12,2216,제54조 / 제59조,수집,건폐 21종 / 용적 21종
세종특별자치시,광역,2026.2.27,2978,제50조 / 제54조,수집,건폐 21종 / 용적 21종
광주시,경기,2026.4.15,1776,제55조 / 제60조,수집,건폐 21종 / 용적 21종
제주특별자치도,광역,2025.12.24,4164,제60조 / 제61조,수집,건폐 21종 / 용적 21종
광명시,경기,2026.8.5,3402,제41조 / 제42조,수집,건폐 16종 / 용적 16종
군포시,경기,2025.10.10,2335,제49조 / 제53조,수집,건폐 16종 / 용적 16종
하남시,경기,2025.8.11,2452,제50조 / 제53조,수집,건폐 15종 / 용적 15종
오산시,경기,2026.5.6,2372,제45조 / 제51조,수집,건폐 16종 / 용적 16종
양주시,경기,2025.11.24,1484,제51조 / 제56조,수집,건폐 21종 / 용적 21종
이천시,경기,2026.2.27,2341,제46조 / 제56조,수집,건폐 21종 / 용적 21종
구리시,경기,2025.12.2,2375,제54조 / 제59조,수집,건폐 15종 / 용적 15종
안성시,경기,2026.4.10,2234,제55조 / 제60조,수집,건폐 21종 / 용적 21종
포천시,경기,2026.8.14,1890,제51조 / 제56조,수집,건폐 21종 / 용적 21종
의왕시,경기,2024.12.30,2209,제55조 / 제58조,수집,건폐 16종 / 용적 16종
양평군,경기,2024.12.26,3139,제52조 / 제57조,수집,건폐 21종 / 용적 21종
여주시,경기,2025.12.22,1470,제53조 / 제62조,수집,건폐 21종 / 용적 21종
동두천시,경기,2026.5.6,2628,제42조 / 제50조,수집,건폐 21종 / 용적 21종
과천시,경기,2025.10.10,2116,제54조 / 제58조,수집,건폐 15종 / 용적 15종
가평군,경기,2026.4.20,3357,제49조 / 제54조,수집,건폐 21종 / 용적 21종
연천군,경기,2026.4.16,4139,제57조 / 제62조,수집,건폐 21종 / 용적 21종
춘천시,강원,2026.8.13,2074,제51조 / 제56조,수집,건폐 21종 / 용적 21종
원주시,강원,2025.12.31,2592,제49조 / 제54조,수집,건폐 21종 / 용적 21종
강릉시,강원,2025.12.31,1914,제54조 / 제59조,수집,건폐 21종 / 용적 21종
동해시,강원,2025.12.12,2488,제51조 / 제56조,수집,건폐 21종 / 용적 21종
태백시,강원,2026.2.13,2319,제51조 / 제56조,수집,건폐 21종 / 용적 20종
속초시,강원,2026.4.10,3251,제42조 / 제44조,수집,건폐 21종 / 용적 21종
삼척시,강원,2026.9.1,1784,제33조 / 제34조,수집,건폐 21종 / 용적 21종
홍천군,강원,2026.4.10,3136,제51조 / 제56조,수집,건폐 21종 / 용적 21종
횡성군,강원,2026.4.16,2925,제53조 / 제58조,수집,건폐 21종 / 용적 21종
영월군,강원,2026.2.6,3047,제46조 / 제51조,수집,건폐 21종 / 용적 21종
평창군,강원,2024.10.25,2980,제52조 / 제57조,수집,건폐 21종 / 용적 21종
정선군,강원,2026.9.18,3163,제51조 / 제53조,수집,건폐 21종 / 용적 20종
철원군,강원,2026.8.28,2871,제53조 / 제58조,수집,건폐 21종 / 용적 21종
화천군,강원,2026.3.27,2926,제51조 / 제56조,수집,건폐 21종 / 용적 21종
양구군,강원,2025.12.19,2861,제51조 / 제56조,수집,건폐 21종 / 용적 21종
인제군,강원,2025.12.29,2815,제48조 / 제55조,수집,건폐 21종 / 용적 21종
고성군,강원·경남,2026.6.29,2853,제51조 / 제56조,수집,건폐 21종 / 용적 21종
양양군,강원,2025.12.31,3122,제52조 / 제57조,수집,건폐 21종 / 용적 21종
청주시,충북,2026.4.10,1785,제61조 / 제67조,수집,건폐 21종 / 용적 21종
충주시,충북,2026.4.30,2528,제54조 / 제59조,수집,건폐 21종 / 용적 21종
제천시,충북,2026.5.8,2194,제50조 / 제59조,수집,건폐 21종 / 용적 21종
보은군,충북,2025.11.7,3042,제36조 / 제40조,수집,건폐 21종 / 용적 21종
옥천군,충북,2025.7.10,3377,제35조 / 제46조,수집,건폐 21종 / 용적 20종
영동군,충북,2024.12.31,3101,제38조 / 제43조,수집,건폐 21종 / 용적 21종
증평군,충북,2026.5.8,1267,제31조 / 제35조,수집,건폐 21종 / 용적 21종
진천군,충북,2026.2.9,3290,제32조 / 제41조,수집,건폐 21종 / 용적 21종
괴산군,충북,2026.2.6,3051,제40조 / 제46조,수집,건폐 21종 / 용적 21종
음성군,충북,2026.6.30,3169,제49조 / 제58조,수집,건폐 21종 / 용적 21종
단양군,충북,2025.12.31,2944,제53조 / 제62조,수집,건폐 21종 / 용적 21종
천안시,충남,2024.5.17,2613,제56조 / 제61조,수집,건폐 21종 / 용적 21종
공주시,충남,2025.12.15,1929,제42조 / 제46조,수집,건폐 21종 / 용적 21종
보령시,충남,2025.11.10,2216,제54조 / 제59조,수집,건폐 21종 / 용적 21종
아산시,충남,2026.8.18,2725,제51조 / 제56조,수집,건폐 21종 / 용적 20종
서산시,충남,2025.12.10,2063,제33조 / 제38조,수집,건폐 21종 / 용적 21종
논산시,충남,2025.12.22,2001,제49조 / 제54조,수집,건폐 21종 / 용적 21종
계룡시,충남,2025.11.20,1111,제55조 / 제60조,수집,건폐 17종 / 용적 17종
당진시,충남,2025.12.15,1446,제29조 / 제39조,수집,건폐 21종 / 용적 21종
금산군,충남,2025.11.10,2616,제29조 / 제40조,수집,건폐 21종 / 용적 18종
부여군,충남,2026.8.25,3146,제49조 / 제55조,수집,건폐 21종 / 용적 21종
서천군,충남,2025.11.28,3045,제37조 / 제42조,수집,건폐 21종 / 용적 21종
청양군,충남,2026.8.3,2986,제50조 / 제55조,수집,건폐 21종 / 용적 21종
홍성군,충남,2026.2.27,3217,제48조 / 제53조,수집,건폐 21종 / 용적 21종
예산군,충남,2025.11.21,3104,제45조 / 제52조,수집,건폐 21종 / 용적 21종
태안군,충남,2026.3.31,1965,제49조 / 제52조,수집,건폐 21종 / 용적 21종
전주시,전북,2026.4.13,4369,제45조 / 제47조,수집,건폐 20종 / 용적 20종
군산시,전북,2025.4.15,2303,제55조 / 제60조,수집,건폐 21종 / 용적 21종
익산시,전북,2025.12.31,2732,제55조 / 제60조,수집,건폐 21종 / 용적 21종
정읍시,전북,2026.4.10,2341,제53조 / 제58조,수집,건폐 21종 / 용적 21종
남원시,전북,2026.9.18,2316,제57조 / 제62조,수집,건폐 21종 / 용적 21종
김제시,전북,2025.12.16,1827,제57조 / 제62조,수집,건폐 21종 / 용적 21종
완주군,전북,2025.12.18,3471,제47조 / 제52조,수집,건폐 21종 / 용적 21종
진안군,전북,2026.3.30,2879,제53조 / 제55조,수집,건폐 21종 / 용적 21종
무주군,전북,2025.12.10,2812,제42조 / 제47조,수집,건폐 21종 / 용적 21종
장수군,전북,2026.4.1,2888,제57조 / 제62조,수집,건폐 21종 / 용적 21종
임실군,전북,2026.2.25,2935,제44조 / 제45조,수집,건폐 14종 / 용적 14종
순창군,전북,2026.8.18,3061,제55조 / 제59조,수집,건폐 21종 / 용적 21종
고창군,전북,2025.12.31,2965,제57조 / 제62조,수집,건폐 21종 / 용적 21종
부안군,전북,2025.7.18,2956,제57조 / 제62조,수집,건폐 21종 / 용적 21종
목포시,전남,2025.12.29,3999,제47조 / 제51조,수집,건폐 16종 / 용적 16종
여수시,전남,2025.12.8,2265,제33조 / 제36조,수집,건폐 21종 / 용적 21종
순천시,전남,2026.7.1,2903,제53조 / 제58조,수집,건폐 21종 / 용적 21종
나주시,전남,2025.12.31,2414,제50조 / 제62조,수집,건폐 21종 / 용적 21종
광양시,전남,2025.12.31,2293,제52조 / 제59조,수집,건폐 21종 / 용적 21종
담양군,전남,2026.8.10,3094,제53조 / 제58조,수집,건폐 21종 / 용적 21종
곡성군,전남,2026.8.12,2733,제36조 / 제37조,수집,건폐 21종 / 용적 21종
구례군,전남,2025.4.23,2642,제56조 / 제61조,수집,건폐 21종 / 용적 21종
고흥군,전남,2026.8.24,3256,제49조 / 제53조,수집,건폐 21종 / 용적 21종
보성군,전남,2026.8.4,2962,제45조 / 제55조,수집,건폐 21종 / 용적 21종
화순군,전남,2025.12.22,3240,제53조 / 제58조,수집,건폐 21종 / 용적 21종
장흥군,전남,,,,미등록,국가법령정보센터 자치법규 DB에 도시계획·군계획 조례 없음 (2026-09-21 확인)
강진군,전남,2026.8.10,2895,제37조 / 제47조,수집,건폐 21종 / 용적 21종
해남군,전남,2025.12.15,3447,제55조 / 제60조,수집,건폐 21종 / 용적 21종
영암군,전남,2026.8.6,3022,제57조 / 제62조,수집,건폐 21종 / 용적 21종
무안군,전남,,,,미등록,국가법령정보센터 자치법규 DB에 도시계획·군계획 조례 없음 (2026-09-21 확인)
함평군,전남,2026.7.31,2991,제38조 / 제44조,수집,건폐 21종 / 용적 21종
영광군,전남,2026.8.10,3116,제52조 / 제63조,수집,건폐 21종 / 용적 21종
장성군,전남,2026.8.18,2843,제55조 / 제60조,수집,건폐 21종 / 용적 21종
완도군,전남,2026.8.4,3230,제55조 / 제60조,수집,건폐 21종 / 용적 21종
진도군,전남,2026.7.1,2817,제50조 / 제57조,수집,건폐 21종 / 용적 21종
신안군,전남,2026.8.14,2884,제50조 / 제55조,수집,건폐 21종 / 용적 21종
포항시,경북,2026.1.7,2332,제25조 / 제26조,수집,건폐 21종 / 용적 21종
경주시,경북,2025.7.15,1912,제81조 / 제86조,수집,건폐 21종 / 용적 21종
김천시,경북,2026.2.26,1696,제59조 / 제64조,수집,건폐 21종 / 용적 21종
안동시,경북,2026.1.20,2298,제52조 / 제58조,수집,건폐 21종 / 용적 21종
구미시,경북,2026.7.8,2117,제59조 / 제64조,수집,건폐 21종 / 용적 21종
영주시,경북,2025.12.29,1701,제53조 / 제58조,수집,건폐 21종 / 용적 21종
영천시,경북,2024.12.27,1342,제56조 / 제62조,수집,건폐 21종 / 용적 21종
상주시,경북,2026.3.24,1771,제52조 / 제57조,수집,건폐 21종 / 용적 21종
문경시,경북,2025.12.30,1822,제55조 / 제60조,수집,건폐 21종 / 용적 21종
경산시,경북,2026.1.7,1636,제79조 / 제84조,수집,건폐 21종 / 용적 21종
의성군,경북,2026.4.17,3015,제43조 / 제51조,수집,건폐 21종 / 용적 21종
청송군,경북,2025.7.1,2402,제53조 / 제57조,수집,건폐 21종 / 용적 21종
영양군,경북,2025.12.19,2482,제56조 / 제61조,수집,건폐 21종 / 용적 21종
영덕군,경북,2025.12.22,2446,제57조 / 제62조,수집,건폐 21종 / 용적 21종
고령군,경북,2026.4.14,2593,제57조 / 제62조,수집,건폐 21종 / 용적 21종
성주군,경북,2026.9.17,2644,제49조 / 제54조,수집,건폐 21종 / 용적 21종
칠곡군,경북,2025.12.26,2839,제81조 / 제85조,수집,건폐 21종 / 용적 21종
예천군,경북,2025.12.24,2723,제53조 / 제61조,수집,건폐 21종 / 용적 21종
봉화군,경북,2025.12.15,3553,제30조 / 제33조,수집,건폐 21종 / 용적 21종
울진군,경북,2023.5.1,2631,제57조 / 제62조,수집,건폐 21종 / 용적 21종
울릉군,경북,2026.4.20,2248,제31조 / 제35조,수집,건폐 13종 / 용적 13종
진주시,경남,2026.5.4,2209,제51조 / 제58조,건폐율 별표 위임,건폐 0종 / 용적 21종
통영시,경남,2026.1.2,2028,제61조 / 제62조,수집,건폐 21종 / 용적 21종
사천시,경남,2026.7.2,2333,제45조 / 제49조,수집,건폐 21종 / 용적 21종
김해시,경남,2026.4.1,2265,제57조 / 제62조,수집,건폐 21종 / 용적 21종
밀양시,경남,2025.5.8,1807,제53조 / 제58조,수집,건폐 21종 / 용적 21종
거제시,경남,2026.4.9,2392,제57조 / 제62조,수집,건폐 21종 / 용적 21종
양산시,경남,2025.12.11,2293,제55조 / 제60조,수집,건폐 21종 / 용적 21종
의령군,경남,2026.3.25,2791,제37조 / 제42조,수집,건폐 21종 / 용적 21종
함안군,경남,2026.6.30,3034,제52조 / 제57조,수집,건폐 21종 / 용적 21종
창녕군,경남,2025.12.18,2914,제42조 / 제47조,수집,건폐 21종 / 용적 21종
청도군,경북,2026.9.16,2720,제54조제1항 / 제59조제1항,수집,건폐 21종 / 용적 21종
울산광역시,광역,2026.4.9,3264,제46조 [별표 24] / 제46조 [별표 24],수집,건폐 21종 / 용적 21종
창원시,경남,2026.2.13,2296,제58조 [별표 27] / 제60조 [별표 28],수집,건폐 21종 / 용적 21종
